Strategy,Precision,Recall,F1,AUC
SMOTE,0.5194074260888786,0.5073185063313452,0.5132748060867788,0.5105522226324959
UnderSampler,0.5175576945958646,0.5015784783226096,0.5094100904282912,0.5125511962415683
SMOTEENN,0.5205189660955549,0.4798125569233481,0.49888244713966456,0.5104760720244007
