Model,MAE,RMSE,MAPE,R2,Directional_Accuracy
Linear Regression,115.3005392767307,147.68031783356415,0.8355456922257826,0.9984146913571609,88.68862731585872
SARIMA,5140.446301491275,6027.369012300397,44.66208918951102,-1.0201430365050592,50.08356040316551
Random Forest,6532.824029311375,7842.158614885039,7.973769704625328,0.27263953980085015,63.50671449129226
ARIMA,6721.128141980716,7957.040145297411,38.34331770539903,-0.7909379385050018,6.67775358865307
XGBoost,7039.691243778798,8317.428817115228,8.549033127317431,0.18212795173901355,64.31515376845888
SVR,21152.821734271947,21725.645628302576,40.52899968186944,-5.770352795115758,52.73750694609828
