Model,Accuracy,Precision,Recall,F1,AUC
Gradient Boosting Tuned,0.5020128824476651,0.5108695652173914,0.4837688044338876,0.4969499796665311,0.496718809070353
Random Forest Tuned,0.4919484702093398,0.5004122011541632,0.4806017418844022,0.4903069466882068,0.49607586424688566
Neural Network Tuned,0.49798711755233493,0.5069324090121318,0.46318289786223277,0.48407116259826233,0.49473939497692465
